method,total_energy_units,comfort_penalty,switch_count,avg_thi_after,max_thi_after,objective,runtime_ms,visited_nodes,level_sequence
Dynamic Programming,32.60000000000001,6.353687867700587,3,76.20062363157894,76.80325099999999,39.61368786770059,0.22379998699761927,292,1 1 1 1 1 1 1 1 1 1 2 2 2 2 2 2 2 1 1
BFS Berlapis,32.60000000000001,6.353687867700587,3,76.20062363157894,76.80325099999999,39.61368786770059,0.2899999963119626,292,1 1 1 1 1 1 1 1 1 1 2 2 2 2 2 2 2 1 1
DFS Bermemoisasi,32.60000000000001,6.353687867700587,3,76.20062363157894,76.80325099999999,39.61368786770059,0.4420999903231859,292,1 1 1 1 1 1 1 1 1 1 2 2 2 2 2 2 2 1 1
Greedy,31.200000000000003,7.427217923452782,5,76.27827468421052,76.80325099999999,39.727217923452784,0.09580000187270343,76,1 1 1 1 1 1 1 1 1 1 2 1 2 2 2 2 2 1 1
Fuzzy Logic,49.40000000000001,0.1972050027551884,2,75.27577889473685,76.32625999999999,50.0372050027552,0.10390000534243882,133,2 2 2 2 2 2 2 2 2 2 2 2 2 2 2 2 2 2 2
